<!-- Approved for Public Release; Distribution Unlimited. Public Release Case Number 19-3880'.  ©2020 The MITRE Corporation. ALL RIGHTS RESERVED. -->
<tasks>
<!-- WAE = WIPO-argument-elements -->
  <task name='WAE5'>
    <languages>
      <language code='en' name='English' tokenless_autotag_delimiters='.,/?!;:'/>
    </languages>
    <annotations all_annotations_known='no'
                                inherit='category:zone,category:token'> 
    <display_group>
    <!-- Level 1: POLICY -->     
    <span label='POLICY' d_edit_immediately="yes" d_css='background-color: #006600; color: white'>
    	<string name='citation' choices='4a,4b,4c,10d,15a,15e,Other'/>
    	<string name='comment'/>
    </span>
      <!-- Level 2: Children of POLICY -->
      <display_group>
      <span label='POLICY-ICS' d_edit_immediately="yes" d_accelerator='I' d_css='background-color: #66FF66; color: black'>
    	<string name='issue-polarity' choices='positive,negative'/>
    	<string name='citation' choices='4a,4b,4c,10d,15a,15e,Other'/>
    	<string name='comment'/>
      </span>
        <!-- Level 3: Children of POLICY-ICS -->
        <span label='POLICY-ICS-CownsTM' d_edit_immediately="yes" d_accelerator='P' d_css='background-color: #CCFFCC; color: black'>
    	  <string name='issue-polarity' choices='positive,negative'/>
    	  <string name='subissue-polarity' choices='positive,negative'/>
    	  <string name='citation' choices='4a,4b,4c,10d,15a,15e,Other'/>
          <string name='comment'/>
        </span>
        <span label='POLICY-ICS-CusedTM' d_edit_immediately="yes" d_accelerator='U' d_css='background-color: #CCFFCC; color: black'>
    	  <string name='issue-polarity' choices='positive,negative'/>
    	  <string name='subissue-polarity' choices='positive,negative'/>
    	  <string name='citation' choices='4a,4b,4c,10d,15a,15e,Other'/>
          <string name='comment'/>
        </span>
        <span label='POLICY-ICS-TMentire' d_edit_immediately="yes" d_accelerator='E' d_css='background-color: #CCFFCC; color: black'>
    	  <string name='issue-polarity' choices='positive,negative'/>
    	  <string name='subissue-polarity' choices='positive,negative'/>
    	  <string name='citation' choices='4a,4b,4c,10d,15a,15e,Other'/>
          <string name='comment'/>
        </span>
        <span label='POLICY-ICS-DescTerm' d_edit_immediately="yes" d_accelerator='T' d_css='background-color: #CCFFCC; color: black'>
    	  <string name='issue-polarity' choices='positive,negative'/>
    	  <string name='subissue-polarity' choices='positive,negative'/>
    	  <string name='citation' choices='4a,4b,4c,10d,15a,15e,Other'/>
          <string name='comment'/>
        </span>
        <span label='POLICY-ICS-IrrelevantDiff' d_edit_immediately="yes" d_accelerator='V' d_css='background-color: #CCFFCC; color: black'>
    	  <string name='issue-polarity' choices='positive,negative'/>
    	  <string name='subissue-polarity' choices='positive,negative'/>
    	  <string name='citation' choices='4a,4b,4c,10d,15a,15e,Other'/>
          <string name='comment'/>
        </span>
        <span label='POLICY-ICS-DateIrrelevant' d_edit_immediately="yes" d_accelerator='D' d_css='background-color: #CCFFCC; color: black'>
    	  <string name='issue-polarity' choices='positive,negative'/>
    	  <string name='subissue-polarity' choices='positive,negative'/>
    	  <string name='citation' choices='4a,4b,4c,10d,15a,15e,Other'/>
          <string name='comment'/>
        </span>
        <span label='POLICY-ICS-DNb4TM' d_edit_immediately="yes" d_accelerator='4' d_css='background-color: #CCFFCC; color: black'>
    	  <string name='issue-polarity' choices='positive,negative'/>
    	  <string name='subissue-polarity' choices='positive,negative'/>
    	  <string name='citation' choices='4a,4b,4c,10d,15a,15e,Other'/>
          <string name='comment'/>
        </span>
        <span label='POLICY-ICS-PrimaFacieEst' d_edit_immediately="yes" d_accelerator='F' d_css='background-color: #CCFFCC; color: black'>
    	  <string name='issue-polarity' choices='positive,negative'/>
    	  <string name='subissue-polarity' choices='positive,negative'/>
    	  <string name='citation' choices='4a,4b,4c,10d,15a,15e,Other'/>
          <string name='comment'/>
        </span>
        <span label='POLICY-ICS-Other' d_edit_immediately="yes" d_accelerator='Z' d_css='background-color: #CCFFCC; color: black'>
    	  <string name='issue-polarity' choices='positive,negative'/>
    	  <string name='subissue-polarity' choices='positive,negative'/>
    	  <string name='citation' choices='4a,4b,4c,10d,15a,15e,Other'/>
          <string name='comment'/>
        </span>
      </display_group>
      <display_group>
      <span label='POLICY-NRLI' d_edit_immediately="yes" d_accelerator='N' d_css='background-color: #66FF66; color: blue'>
    	<string name='issue-polarity' choices='positive,negative'/>
    	  <string name='citation' choices='4a,4b,4c,10d,15a,15e,Other'/>
    	<string name='comment'/>
      </span>
        <!-- Level 3: Children of POLICY-NRLI -->
        <span label='POLICY-NRLI-PriorBizUse' d_edit_immediately="yes" d_accelerator='U' d_css='background-color: #CCFFCC; color: blue'>
    	  <string name='issue-polarity' choices='positive,negative'/>
    	  <string name='subissue-polarity' choices='positive,negative'/>
    	  <string name='citation' choices='4a,4b,4c,10d,15a,15e,Other'/>
          <string name='comment'/>
        </span>
        <span label='POLICY-NRLI-LegitUse' d_edit_immediately="yes" d_accelerator='L' d_css='background-color: #CCFFCC; color: blue'>
    	  <string name='issue-polarity' choices='positive,negative'/>
    	  <string name='subissue-polarity' choices='positive,negative'/>
    	  <string name='citation' choices='4a,4b,4c,10d,15a,15e,Other'/>
          <string name='comment'/>
        </span>
        <span label='POLICY-NRLI-CommonlyKnown' d_edit_immediately="yes" d_accelerator='K' d_css='background-color: #CCFFCC; color: blue'>
    	  <string name='issue-polarity' choices='positive,negative'/>
    	  <string name='subissue-polarity' choices='positive,negative'/>
    	  <string name='citation' choices='4a,4b,4c,10d,15a,15e,Other'/>
          <string name='comment'/>
        </span>
        <span label='POLICY-NRLI-PrimaFacieEst' d_edit_immediately="yes" d_accelerator='F' d_css='background-color: #CCFFCC; color: blue'>
    	  <string name='issue-polarity' choices='positive,negative'/>
    	  <string name='subissue-polarity' choices='positive,negative'/>
    	  <string name='citation' choices='4a,4b,4c,10d,15a,15e,Other'/>
          <string name='comment'/>
        </span>
        <span label='POLICY-NRLI-Other' d_edit_immediately="yes" d_accelerator='Z' d_css='background-color: #CCFFCC; color: blue'>
    	  <string name='issue-polarity' choices='positive,negative'/>
    	  <string name='subissue-polarity' choices='positive,negative'/>
    	  <string name='citation' choices='4a,4b,4c,10d,15a,15e,Other'/>
          <string name='comment'/>
        </span>
      </display_group>
      <display_group>
      <span label='POLICY-RLI' d_edit_immediately="yes" d_accelerator='R' d_css='background-color: #66FF66; color: red'>
    	<string name='issue-polarity' choices='positive,negative'/>
    	<string name='citation' choices='4a,4b,4c,10d,15a,15e,Other'/>
    	<string name='comment'/>
      </span>
        <!-- Level 3: Children of POLICY-RLI -->
        <span label='POLICY-RLI-PriorBizUse' d_edit_immediately="yes" d_accelerator='U' d_css='background-color: #CCFFCC; color: red'>
    	  <string name='issue-polarity' choices='positive,negative'/>
    	  <string name='subissue-polarity' choices='positive,negative'/>
    	  <string name='citation' choices='4a,4b,4c,10d,15a,15e,Other'/>
          <string name='comment'/>
        </span>
        <span label='POLICY-RLI-LegitUse' d_edit_immediately="yes" d_accelerator='L' d_css='background-color: #CCFFCC; color: red'>
    	  <string name='issue-polarity' choices='positive,negative'/>
    	  <string name='subissue-polarity' choices='positive,negative'/>
    	  <string name='citation' choices='4a,4b,4c,10d,15a,15e,Other'/>
          <string name='comment'/>
        </span>
        <span label='POLICY-RLI-CommonlyKnown' d_edit_immediately="yes" d_accelerator='K' d_css='background-color: #CCFFCC; color: red'>
    	  <string name='issue-polarity' choices='positive,negative'/>
    	  <string name='subissue-polarity' choices='positive,negative'/>
    	  <string name='citation' choices='4a,4b,4c,10d,15a,15e,Other'/>
          <string name='comment'/>
        </span>
        <span label='POLICY-RLI-PrimaFacieEst' d_edit_immediately="yes" d_accelerator='F' d_css='background-color: #CCFFCC; color: red'>
    	  <string name='issue-polarity' choices='positive,negative'/>
    	  <string name='subissue-polarity' choices='positive,negative'/>
    	  <string name='citation' choices='4a,4b,4c,10d,15a,15e,Other'/>
          <string name='comment'/>
        </span>
        <span label='POLICY-RLI-Other' d_edit_immediately="yes" d_accelerator='Z' d_css='background-color: #CCFFCC; color: red'>
    	  <string name='issue-polarity' choices='positive,negative'/>
    	  <string name='subissue-polarity' choices='positive,negative'/>
    	  <string name='citation' choices='4a,4b,4c,10d,15a,15e,Other'/>
          <string name='comment'/>
        </span>
      </display_group>
      <display_group>
      <span label='POLICY-BadFaith' d_edit_immediately="yes" d_accelerator='B' d_css='background-color: #66FF66; color: green'>
    	<string name='issue-polarity' choices='positive,negative'/>
    	<string name='citation' choices='4a,4b,4c,10d,15a,15e,Other'/>
    	<string name='comment'/>
      </span>
        <!-- Level 3: Children of POLICY-BadFaith -->
        <span label='POLICY-BadFaith-Resale' d_edit_immediately="yes" d_accelerator='S' d_css='background-color: #CCFFCC; color: green'>
    	  <string name='issue-polarity' choices='positive,negative'/>
    	  <string name='subissue-polarity' choices='positive,negative'/>
    	  <string name='citation' choices='4a,4b,4c,10d,15a,15e,Other'/>
          <string name='comment'/>
        </span>
        <span label='POLICY-BadFaith-PreventUse' d_edit_immediately="yes" d_accelerator='P' d_css='background-color: #CCFFCC; color: green'>
      	  <string name='issue-polarity' choices='positive,negative'/>
    	  <string name='subissue-polarity' choices='positive,negative'/>
    	  <string name='citation' choices='4a,4b,4c,10d,15a,15e,Other'/>
          <string name='comment'/>
        </span>
        <span label='POLICY-BadFaith-DisruptBiz' d_edit_immediately="yes" d_accelerator='D' d_css='background-color: #CCFFCC; color: green'>
    	  <string name='issue-polarity' choices='positive,negative'/>
    	  <string name='subissue-polarity' choices='positive,negative'/>
    	  <string name='citation' choices='4a,4b,4c,10d,15a,15e,Other'/>
          <string name='comment'/>
        </span>
        <span label='POLICY-BadFaith-Confusion4CommGain' d_edit_immediately="yes" d_accelerator='G' d_css='background-color: #CCFFCC; color: green'>
    	  <string name='issue-polarity' choices='positive,negative'/>
    	  <string name='subissue-polarity' choices='positive,negative'/>
    	  <string name='citation' choices='4a,4b,4c,10d,15a,15e,Other'/>
          <string name='comment'/>
        </span>
        <span label='POLICY-BadFaith-Other' d_edit_immediately="yes" d_accelerator='Z' d_css='background-color: #CCFFCC; color: green'>
    	  <string name='issue-polarity' choices='positive,negative'/>
    	  <string name='subissue-polarity' choices='positive,negative'/>
    	  <string name='citation' choices='4a,4b,4c,10d,15a,15e,Other'/>
          <string name='comment'/>
        </span>
      </display_group>
      <display_group>
      <span label='POLICY-CIBF' d_edit_immediately="yes" d_accelerator='C' d_css='background-color: #66FF66; color: #996600'>
    	<string name='issue-polarity' choices='positive,negative'/>
    	<string name='citation' choices='4a,4b,4c,10d,15a,15e,Other'/>
    	<string name='comment'/>
      </span>
        <!-- Level 3: Children of POLICY-CIBF -->
        <span label='POLICY-CIBF-RDNH' d_edit_immediately="yes" d_accelerator='F' d_css='background-color: #CCFFCC; color: #996600'>
    	  <string name='issue-polarity' choices='positive,negative'/>
    	  <string name='subissue-polarity' choices='positive,negative'/>
    	  <string name='citation' choices='4a,4b,4c,10d,15a,15e,Other'/>
          <string name='comment'/>
        </span>
        <span label='POLICY-CIBF-Harass' d_edit_immediately="yes" d_accelerator='H' d_css='background-color: #CCFFCC; color: #996600'>
    	  <string name='issue-polarity' choices='positive,negative'/>
    	  <string name='subissue-polarity' choices='positive,negative'/>
    	  <string name='citation' choices='4a,4b,4c,10d,15a,15e,Other'/>
          <string name='comment'/>
        </span>
        <span label='POLICY-CIBF-Other' d_edit_immediately="yes" d_accelerator='Z' d_css='background-color: #CCFFCC; color: #996600'>
    	  <string name='issue-polarity' choices='positive,negative'/>
    	  <string name='subissue-polarity' choices='positive,negative'/>
    	  <string name='citation' choices='4a,4b,4c,10d,15a,15e,Other'/>
          <string name='comment'/>
        </span>
      </display_group>
      <span label='POLICY-OTHER' d_edit_immediately="yes" d_accelerator='O' d_css='background-color: #66FF66; color: gray'>
    	<string name='issue-polarity' choices='positive,negative'/>
    	<string name='citation' choices='4a,4b,4c,10d,15a,15e,Other'/>
    	<string name='comment'/>
      </span>
    </display_group>
        
    
    <display_group>
    <!-- Level 1: CONTENTION -->     
    <span label='CONTENTION' d_edit_immediately="yes" d_css='background-color: #CC6600; color: white'>
    	<string name='comment'/>
    </span>
      <!-- Level 2: Children of CONTENTION -->
      <display_group>
      <span label='CONTENTION-ICS' d_edit_immediately="yes" d_accelerator='I' d_css='background-color: #FF9900; color: black'>
    	<string name='issue-polarity' choices='positive,negative'/>
    	<string name='comment'/>
      </span>
        <!-- Level 3: Children of CONTENTION-ICS -->
        <span label='CONTENTION-ICS-CownsTM' d_edit_immediately="yes" d_accelerator='P' d_css='background-color: #FFCC99; color: black'>
    	  <string name='issue-polarity' choices='positive,negative'/>
    	  <string name='subissue-polarity' choices='positive,negative'/>
          <string name='comment'/>
        </span>
        <span label='CONTENTION-ICS-CusedTM' d_edit_immediately="yes" d_accelerator='U' d_css='background-color: #FFCC99; color: black'>
    	  <string name='issue-polarity' choices='positive,negative'/>
    	  <string name='subissue-polarity' choices='positive,negative'/>
          <string name='comment'/>
        </span>
        <span label='CONTENTION-ICS-TMentire' d_edit_immediately="yes" d_accelerator='E' d_css='background-color: #FFCC99; color: black'>
    	  <string name='issue-polarity' choices='positive,negative'/>
    	  <string name='subissue-polarity' choices='positive,negative'/>
          <string name='comment'/>
        </span>
        <span label='CONTENTION-ICS-DescTerm' d_edit_immediately="yes" d_accelerator='T' d_css='background-color: #FFCC99; color: black'>
    	  <string name='issue-polarity' choices='positive,negative'/>
    	  <string name='subissue-polarity' choices='positive,negative'/>
          <string name='comment'/>
        </span>
        <span label='CONTENTION-ICS-IrrelevantDiff' d_edit_immediately="yes" d_accelerator='V' d_css='background-color: #FFCC99; color: black'>
    	  <string name='issue-polarity' choices='positive,negative'/>
    	  <string name='subissue-polarity' choices='positive,negative'/>
          <string name='comment'/>
        </span>
        <span label='CONTENTION-ICS-DateIrrelevant' d_edit_immediately="yes" d_accelerator='D' d_css='background-color: #FFCC99; color: black'>
    	  <string name='issue-polarity' choices='positive,negative'/>
    	  <string name='subissue-polarity' choices='positive,negative'/>
          <string name='comment'/>
        </span>
        <span label='CONTENTION-ICS-DNb4TM' d_edit_immediately="yes" d_accelerator='4' d_css='background-color: #FFCC99; color: black'>
    	  <string name='issue-polarity' choices='positive,negative'/>
    	  <string name='subissue-polarity' choices='positive,negative'/>
          <string name='comment'/>
        </span>
        <span label='CONTENTION-ICS-PrimaFacieEst' d_edit_immediately="yes" d_accelerator='F' d_css='background-color: #FFCC99; color: black'>
    	  <string name='issue-polarity' choices='positive,negative'/>
    	  <string name='subissue-polarity' choices='positive,negative'/>
          <string name='comment'/>
        </span>
        <span label='CONTENTION-ICS-Other' d_edit_immediately="yes" d_accelerator='Z' d_css='background-color: #FFCC99; color: black'>
    	  <string name='issue-polarity' choices='positive,negative'/>
    	  <string name='subissue-polarity' choices='positive,negative'/>
          <string name='comment'/>
        </span>
      </display_group>
      <display_group>
      <span label='CONTENTION-NRLI' d_edit_immediately="yes" d_accelerator='N' d_css='background-color: #FF9900; color: blue'>
    	<string name='issue-polarity' choices='positive,negative'/>
    	<string name='comment'/>
      </span>
        <!-- Level 3: Children of CONTENTION-NRLI -->
        <span label='CONTENTION-NRLI-PriorBizUse' d_edit_immediately="yes" d_accelerator='U' d_css='background-color: #FFCC99; color: blue'>
    	  <string name='issue-polarity' choices='positive,negative'/>
    	  <string name='subissue-polarity' choices='positive,negative'/>
          <string name='comment'/>
        </span>
        <span label='CONTENTION-NRLI-LegitUse' d_edit_immediately="yes" d_accelerator='L' d_css='background-color: #FFCC99; color: blue'>
    	  <string name='issue-polarity' choices='positive,negative'/>
    	  <string name='subissue-polarity' choices='positive,negative'/>
          <string name='comment'/>
        </span>
        <span label='CONTENTION-NRLI-CommonlyKnown' d_edit_immediately="yes" d_accelerator='K' d_css='background-color: #FFCC99; color: blue'>
    	  <string name='issue-polarity' choices='positive,negative'/>
    	  <string name='subissue-polarity' choices='positive,negative'/>
          <string name='comment'/>
        </span>
        <span label='CONTENTION-NRLI-PrimaFacieEst' d_edit_immediately="yes" d_accelerator='F' d_css='background-color: #FFCC99; color: blue'>
    	  <string name='issue-polarity' choices='positive,negative'/>
    	  <string name='subissue-polarity' choices='positive,negative'/>
          <string name='comment'/>
        </span>
        <span label='CONTENTION-NRLI-Other' d_edit_immediately="yes" d_accelerator='Z' d_css='background-color: #FFCC99; color: blue'>
    	  <string name='issue-polarity' choices='positive,negative'/>
    	  <string name='subissue-polarity' choices='positive,negative'/>
          <string name='comment'/>
        </span>
      </display_group>
      <display_group>
      <span label='CONTENTION-RLI' d_edit_immediately="yes" d_accelerator='R' d_css='background-color: #FF9900; color: red'>
    	<string name='issue-polarity' choices='positive,negative'/>
    	<string name='comment'/>
      </span>
        <!-- Level 3: Children of CONTENTION-RLI -->
        <span label='CONTENTION-RLI-PriorBizUse' d_edit_immediately="yes" d_accelerator='U' d_css='background-color: #FFCC99; color: red'>
    	  <string name='issue-polarity' choices='positive,negative'/>
    	  <string name='subissue-polarity' choices='positive,negative'/>
          <string name='comment'/>
        </span>
        <span label='CONTENTION-RLI-LegitUse' d_edit_immediately="yes" d_accelerator='L' d_css='background-color: #FFCC99; color: red'>
    	  <string name='issue-polarity' choices='positive,negative'/>
    	  <string name='subissue-polarity' choices='positive,negative'/>
          <string name='comment'/>
        </span>
        <span label='CONTENTION-RLI-CommonlyKnown' d_edit_immediately="yes" d_accelerator='K' d_css='background-color: #FFCC99; color: red'>
    	  <string name='issue-polarity' choices='positive,negative'/>
    	  <string name='subissue-polarity' choices='positive,negative'/>
          <string name='comment'/>
        </span>
        <span label='CONTENTION-RLI-PrimaFacieEst' d_edit_immediately="yes" d_accelerator='F' d_css='background-color: #FFCC99; color: red'>
    	  <string name='issue-polarity' choices='positive,negative'/>
    	  <string name='subissue-polarity' choices='positive,negative'/>
          <string name='comment'/>
        </span>
        <span label='CONTENTION-RLI-Other' d_edit_immediately="yes" d_accelerator='Z' d_css='background-color: #FFCC99; color: red'>
    	  <string name='issue-polarity' choices='positive,negative'/>
    	  <string name='subissue-polarity' choices='positive,negative'/>
          <string name='comment'/>
        </span>
      </display_group>
      <display_group>
      <span label='CONTENTION-BadFaith' d_edit_immediately="yes" d_accelerator='B' d_css='background-color: #FF9900; color: green'>
    	<string name='issue-polarity' choices='positive,negative'/>
    	<string name='comment'/>
      </span>
        <!-- Level 3: Children of CONTENTION-BadFaith -->
        <span label='CONTENTION-BadFaith-Resale' d_edit_immediately="yes" d_accelerator='S' d_css='background-color: #FFCC99; color: green'>
    	  <string name='issue-polarity' choices='positive,negative'/>
    	  <string name='subissue-polarity' choices='positive,negative'/>
          <string name='comment'/>
        </span>
        <span label='CONTENTION-BadFaith-PreventUse' d_edit_immediately="yes" d_accelerator='P' d_css='background-color: #FFCC99; color: green'>
    	  <string name='issue-polarity' choices='positive,negative'/>
    	  <string name='subissue-polarity' choices='positive,negative'/>
          <string name='comment'/>
        </span>
        <span label='CONTENTION-BadFaith-DisruptBiz' d_edit_immediately="yes" d_accelerator='D' d_css='background-color: #FFCC99; color: green'>
    	  <string name='issue-polarity' choices='positive,negative'/>
    	  <string name='subissue-polarity' choices='positive,negative'/>
          <string name='comment'/>
        </span>
        <span label='CONTENTION-BadFaith-Confusion4CommGain' d_edit_immediately="yes" d_accelerator='G' d_css='background-color: #FFCC99; color: green'>
    	  <string name='issue-polarity' choices='positive,negative'/>
    	  <string name='subissue-polarity' choices='positive,negative'/>
          <string name='comment'/>
        </span>
        <span label='CONTENTION-BadFaith-Other' d_edit_immediately="yes" d_accelerator='Z' d_css='background-color: #FFCC99; color: green'>
    	  <string name='issue-polarity' choices='positive,negative'/>
    	  <string name='subissue-polarity' choices='positive,negative'/>
          <string name='comment'/>
        </span>
      </display_group>
      <display_group>
      <span label='CONTENTION-CIBF' d_edit_immediately="yes" d_accelerator='C' d_css='background-color: #FF9900; color: #996600'>
    	<string name='issue-polarity' choices='positive,negative'/>
    	<string name='comment'/>
      </span>
        <!-- Level 3: Children of CONTENTION-CIBF -->
        <span label='CONTENTION-CIBF-RDNH' d_edit_immediately="yes" d_accelerator='F' d_css='background-color: #FFCC99; color: #996600'>
    	  <string name='issue-polarity' choices='positive,negative'/>
    	  <string name='subissue-polarity' choices='positive,negative'/>
          <string name='comment'/>
        </span>
        <span label='CONTENTION-CIBF-Harass' d_edit_immediately="yes" d_accelerator='H' d_css='background-color: #FFCC99; color: #996600'>
    	  <string name='issue-polarity' choices='positive,negative'/>
    	  <string name='subissue-polarity' choices='positive,negative'/>
          <string name='comment'/>
        </span>
        <span label='CONTENTION-CIBF-Other' d_edit_immediately="yes" d_accelerator='Z' d_css='background-color: #FFCC99; color: #996600'>
    	  <string name='issue-polarity' choices='positive,negative'/>
    	  <string name='subissue-polarity' choices='positive,negative'/>
          <string name='comment'/>
        </span>
      </display_group>
      <span label='CONTENTION-OTHER' d_edit_immediately="yes" d_accelerator='O' d_css='background-color: #FF9900; color: gray'>
    	<string name='issue-polarity' choices='positive,negative'/>
    	<string name='comment'/>
      </span>
    </display_group>

    
    <display_group>
    <!-- Level 1: FACTUAL_FINDING -->     
    <span label='FACTUAL_FINDING' d_edit_immediately="yes" d_css='background-color: #006666; color: white'>
    	<string name='comment'/>
    </span>
      <!-- Level 2: Children of FACTUAL_FINDING -->
      <display_group>
      <span label='FACTUAL_FINDING-ICS' d_edit_immediately="yes" d_accelerator='I' d_css='background-color: #00CCCC; color: black'>
    	<string name='issue-polarity' choices='positive,negative'/>
    	<string name='comment'/>
      </span>
        <!-- Level 3: Children of FACTUAL_FINDING-ICS -->
        <span label='FACTUAL_FINDING-ICS-CownsTM' d_edit_immediately="yes" d_accelerator='P' d_css='background-color: #99FFFF; color: black'>
    	  <string name='issue-polarity' choices='positive,negative'/>
    	  <string name='subissue-polarity' choices='positive,negative'/>
          <string name='comment'/>
        </span>
        <span label='FACTUAL_FINDING-ICS-CusedTM' d_edit_immediately="yes" d_accelerator='U' d_css='background-color: #99FFFF; color: black'>
    	  <string name='issue-polarity' choices='positive,negative'/>
    	  <string name='subissue-polarity' choices='positive,negative'/>
          <string name='comment'/>
        </span>
        <span label='FACTUAL_FINDING-ICS-TMentire' d_edit_immediately="yes" d_accelerator='E' d_css='background-color: #99FFFF; color: black'>
    	  <string name='issue-polarity' choices='positive,negative'/>
    	  <string name='subissue-polarity' choices='positive,negative'/>
          <string name='comment'/>
        </span>
        <span label='FACTUAL_FINDING-ICS-DescTerm' d_edit_immediately="yes" d_accelerator='T' d_css='background-color: #99FFFF; color: black'>
    	  <string name='issue-polarity' choices='positive,negative'/>
    	  <string name='subissue-polarity' choices='positive,negative'/>
          <string name='comment'/>
        </span>
        <span label='FACTUAL_FINDING-ICS-IrrelevantDiff' d_edit_immediately="yes" d_accelerator='V' d_css='background-color: #99FFFF; color: black'>
    	  <string name='issue-polarity' choices='positive,negative'/>
    	  <string name='subissue-polarity' choices='positive,negative'/>
          <string name='comment'/>
        </span>
        <span label='FACTUAL_FINDING-ICS-DateIrrelevant' d_edit_immediately="yes" d_accelerator='D' d_css='background-color: #99FFFF; color: black'>
    	  <string name='issue-polarity' choices='positive,negative'/>
    	  <string name='subissue-polarity' choices='positive,negative'/>
          <string name='comment'/>
        </span>
        <span label='FACTUAL_FINDING-ICS-DNb4TM' d_edit_immediately="yes" d_accelerator='4' d_css='background-color: #99FFFF; color: black'>
    	  <string name='issue-polarity' choices='positive,negative'/>
    	  <string name='subissue-polarity' choices='positive,negative'/>
          <string name='comment'/>
        </span>
        <span label='FACTUAL_FINDING-ICS-PrimaFacieEst' d_edit_immediately="yes" d_accelerator='F' d_css='background-color: #99FFFF; color: black'>
    	  <string name='issue-polarity' choices='positive,negative'/>
    	  <string name='subissue-polarity' choices='positive,negative'/>
          <string name='comment'/>
        </span>
        <span label='FACTUAL_FINDING-ICS-Other' d_edit_immediately="yes" d_accelerator='Z' d_css='background-color: #99FFFF; color: black'>
    	  <string name='issue-polarity' choices='positive,negative'/>
    	  <string name='subissue-polarity' choices='positive,negative'/>
          <string name='comment'/>
        </span>
      </display_group>
      <display_group>
      <span label='FACTUAL_FINDING-NRLI' d_edit_immediately="yes" d_accelerator='N' d_css='background-color: #00CCCC; color: blue'>
    	<string name='issue-polarity' choices='positive,negative'/>
    	<string name='comment'/>
      </span>
        <!-- Level 3: Children of FACTUAL_FINDING-NRLI -->
        <span label='FACTUAL_FINDING-NRLI-PriorBizUse' d_edit_immediately="yes" d_accelerator='U' d_css='background-color: #99FFFF; color: blue'>
    	  <string name='issue-polarity' choices='positive,negative'/>
    	  <string name='subissue-polarity' choices='positive,negative'/>
          <string name='comment'/>
        </span>
        <span label='FACTUAL_FINDING-NRLI-LegitUse' d_edit_immediately="yes" d_accelerator='L' d_css='background-color: #99FFFF; color: blue'>
    	  <string name='issue-polarity' choices='positive,negative'/>
    	  <string name='subissue-polarity' choices='positive,negative'/>
          <string name='comment'/>
        </span>
        <span label='FACTUAL_FINDING-NRLI-CommonlyKnown' d_edit_immediately="yes" d_accelerator='K' d_css='background-color: #99FFFF; color: blue'>
    	  <string name='issue-polarity' choices='positive,negative'/>
    	  <string name='subissue-polarity' choices='positive,negative'/>
          <string name='comment'/>
        </span>
        <span label='FACTUAL_FINDING-NRLI-PrimaFacieEst' d_edit_immediately="yes" d_accelerator='F' d_css='background-color: #99FFFF; color: blue'>
    	  <string name='issue-polarity' choices='positive,negative'/>
    	  <string name='subissue-polarity' choices='positive,negative'/>
          <string name='comment'/>
        </span>
        <span label='FACTUAL_FINDING-NRLI-Other' d_edit_immediately="yes" d_accelerator='Z' d_css='background-color: #99FFFF; color: blue'>
    	  <string name='issue-polarity' choices='positive,negative'/>
    	  <string name='subissue-polarity' choices='positive,negative'/>
          <string name='comment'/>
        </span>
      </display_group>
      <display_group>
      <span label='FACTUAL_FINDING-RLI' d_edit_immediately="yes" d_accelerator='R' d_css='background-color: #00CCCC; color: red'>
    	<string name='issue-polarity' choices='positive,negative'/>
    	<string name='comment'/>
      </span>
        <!-- Level 3: Children of FACTUAL_FINDING-RLI -->
        <span label='FACTUAL_FINDING-RLI-PriorBizUse' d_edit_immediately="yes" d_accelerator='U' d_css='background-color: #99FFFF; color: red'>
    	  <string name='issue-polarity' choices='positive,negative'/>
    	  <string name='subissue-polarity' choices='positive,negative'/>
          <string name='comment'/>
        </span>
        <span label='FACTUAL_FINDING-RLI-LegitUse' d_edit_immediately="yes" d_accelerator='L' d_css='background-color: #99FFFF; color: red'>
    	  <string name='issue-polarity' choices='positive,negative'/>
    	  <string name='subissue-polarity' choices='positive,negative'/>
          <string name='comment'/>
        </span>
        <span label='FACTUAL_FINDING-RLI-CommonlyKnown' d_edit_immediately="yes" d_accelerator='K' d_css='background-color: #99FFFF; color: red'>
    	  <string name='issue-polarity' choices='positive,negative'/>
    	  <string name='subissue-polarity' choices='positive,negative'/>
          <string name='comment'/>
        </span>
        <span label='FACTUAL_FINDING-RLI-PrimaFacieEst' d_edit_immediately="yes" d_accelerator='F' d_css='background-color: #99FFFF; color: red'>
    	  <string name='issue-polarity' choices='positive,negative'/>
    	  <string name='subissue-polarity' choices='positive,negative'/>
          <string name='comment'/>
        </span>
        <span label='FACTUAL_FINDING-RLI-Other' d_edit_immediately="yes" d_accelerator='Z' d_css='background-color: #99FFFF; color: red'>
    	  <string name='issue-polarity' choices='positive,negative'/>
    	  <string name='subissue-polarity' choices='positive,negative'/>
          <string name='comment'/>
        </span>
      </display_group>
      <display_group>
      <span label='FACTUAL_FINDING-BadFaith' d_edit_immediately="yes" d_accelerator='B' d_css='background-color: #00CCCC; color: green'>
    	<string name='issue-polarity' choices='positive,negative'/>
    	<string name='comment'/>
      </span>
        <!-- Level 3: Children of FACTUAL_FINDING-BadFaith -->
        <span label='FACTUAL_FINDING-BadFaith-Resale' d_edit_immediately="yes" d_accelerator='S' d_css='background-color: #99FFFF; color: green'>
    	  <string name='issue-polarity' choices='positive,negative'/>
    	  <string name='subissue-polarity' choices='positive,negative'/>
          <string name='comment'/>
        </span>
        <span label='FACTUAL_FINDING-BadFaith-PreventUse' d_edit_immediately="yes" d_accelerator='P' d_css='background-color: #99FFFF; color: green'>
    	  <string name='issue-polarity' choices='positive,negative'/>
    	  <string name='subissue-polarity' choices='positive,negative'/>
          <string name='comment'/>
        </span>
        <span label='FACTUAL_FINDING-BadFaith-DisruptBiz' d_edit_immediately="yes" d_accelerator='D' d_css='background-color: #99FFFF; color: green'>
    	  <string name='issue-polarity' choices='positive,negative'/>
    	  <string name='subissue-polarity' choices='positive,negative'/>
          <string name='comment'/>
        </span>
        <span label='FACTUAL_FINDING-BadFaith-Confusion4CommGain' d_edit_immediately="yes" d_accelerator='G' d_css='background-color: #99FFFF; color: green'>
    	  <string name='issue-polarity' choices='positive,negative'/>
    	  <string name='subissue-polarity' choices='positive,negative'/>
          <string name='comment'/>
        </span>
        <span label='FACTUAL_FINDING-BadFaith-Other' d_edit_immediately="yes" d_accelerator='Z' d_css='background-color: #99FFFF; color: green'>
    	  <string name='issue-polarity' choices='positive,negative'/>
    	  <string name='subissue-polarity' choices='positive,negative'/>
          <string name='comment'/>
        </span>
      </display_group>
      <display_group>
      <span label='FACTUAL_FINDING-CIBF' d_edit_immediately="yes" d_accelerator='C' d_css='background-color: #00CCCC; color: #996600'>
    	<string name='issue-polarity' choices='positive,negative'/>
    	<string name='comment'/>
      </span>
        <!-- Level 3: Children of FACTUAL_FINDING-CIBF -->
        <span label='FACTUAL_FINDING-CIBF-RDNH' d_edit_immediately="yes" d_accelerator='F' d_css='background-color: #99FFFF; color: #996600'>
    	  <string name='issue-polarity' choices='positive,negative'/>
    	  <string name='subissue-polarity' choices='positive,negative'/>
          <string name='comment'/>
        </span>
        <span label='FACTUAL_FINDING-CIBF-Harass' d_edit_immediately="yes" d_accelerator='H' d_css='background-color: #99FFFF; color: #996600'>
    	  <string name='issue-polarity' choices='positive,negative'/>
    	  <string name='subissue-polarity' choices='positive,negative'/>
          <string name='comment'/>
        </span>
        <span label='FACTUAL_FINDING-CIBF-Other' d_edit_immediately="yes" d_accelerator='Z' d_css='background-color: #99FFFF; color: #996600'>
    	  <string name='issue-polarity' choices='positive,negative'/>
    	  <string name='subissue-polarity' choices='positive,negative'/>
          <string name='comment'/>
        </span>
      </display_group>
      <span label='FACTUAL_FINDING-OTHER' d_edit_immediately="yes" d_accelerator='O' d_css='background-color: #00CCCC; color: gray'>
    	<string name='issue-polarity' choices='positive,negative'/>
    	<string name='comment'/>
      </span>
    </display_group>
      
    
    <display_group>
    <!-- Level 1: LEGAL_FINDING -->     
    <span label='LEGAL_FINDING' d_edit_immediately="yes" d_css='background-color: #6600CC; color: white'>
    	<string name='comment'/>
    </span>
      <!-- Level 2: Children of LEGAL_FINDING -->
      <display_group>
      <span label='LEGAL_FINDING-ICS' d_edit_immediately="yes" d_accelerator='I' d_css='background-color: #CC99FF; color: black'>
    	<string name='issue-polarity' choices='positive,negative'/>
    	<string name='comment'/>
      </span>
        <!-- Level 3: Children of LEGAL_FINDING-ICS -->
        <span label='LEGAL_FINDING-ICS-CownsTM' d_edit_immediately="yes" d_accelerator='P' d_css='background-color: #CCCCFF; color: black'>
    	  <string name='issue-polarity' choices='positive,negative'/>
    	  <string name='subissue-polarity' choices='positive,negative'/>
          <string name='comment'/>
        </span>
        <span label='LEGAL_FINDING-ICS-CusedTM' d_edit_immediately="yes" d_accelerator='U' d_css='background-color: #CCCCFF; color: black'>
    	  <string name='issue-polarity' choices='positive,negative'/>
    	  <string name='subissue-polarity' choices='positive,negative'/>
          <string name='comment'/>
        </span>
        <span label='LEGAL_FINDING-ICS-TMentire' d_edit_immediately="yes" d_accelerator='E' d_css='background-color: #CCCCFF; color: black'>
    	  <string name='issue-polarity' choices='positive,negative'/>
    	  <string name='subissue-polarity' choices='positive,negative'/>
          <string name='comment'/>
        </span>
        <span label='LEGAL_FINDING-ICS-DescTerm' d_edit_immediately="yes" d_accelerator='T' d_css='background-color: #CCCCFF; color: black'>
    	  <string name='issue-polarity' choices='positive,negative'/>
    	  <string name='subissue-polarity' choices='positive,negative'/>
          <string name='comment'/>
        </span>
        <span label='LEGAL_FINDING-ICS-IrrelevantDiff' d_edit_immediately="yes" d_accelerator='V' d_css='background-color: #CCCCFF; color: black'>
    	  <string name='issue-polarity' choices='positive,negative'/>
    	  <string name='subissue-polarity' choices='positive,negative'/>
          <string name='comment'/>
        </span>
        <span label='LEGAL_FINDING-ICS-DateIrrelevant' d_edit_immediately="yes" d_accelerator='D' d_css='background-color: #CCCCFF; color: black'>
    	  <string name='issue-polarity' choices='positive,negative'/>
    	  <string name='subissue-polarity' choices='positive,negative'/>
          <string name='comment'/>
        </span>
        <span label='LEGAL_FINDING-ICS-DNb4TM' d_edit_immediately="yes" d_accelerator='4' d_css='background-color: #CCCCFF; color: black'>
    	  <string name='issue-polarity' choices='positive,negative'/>
    	  <string name='subissue-polarity' choices='positive,negative'/>
          <string name='comment'/>
        </span>
        <span label='LEGAL_FINDING-ICS-PrimaFacieEst' d_edit_immediately="yes" d_accelerator='F' d_css='background-color: #CCCCFF; color: black'>
    	  <string name='issue-polarity' choices='positive,negative'/>
    	  <string name='subissue-polarity' choices='positive,negative'/>
          <string name='comment'/>
        </span>
        <span label='LEGAL_FINDING-ICS-Other' d_edit_immediately="yes" d_accelerator='Z' d_css='background-color: #CCCCFF; color: black'>
    	  <string name='issue-polarity' choices='positive,negative'/>
    	  <string name='subissue-polarity' choices='positive,negative'/>
          <string name='comment'/>
        </span>
      </display_group>
      <display_group>
      <span label='LEGAL_FINDING-NRLI' d_edit_immediately="yes" d_accelerator='N' d_css='background-color: #CC99FF; color: blue'>
    	<string name='issue-polarity' choices='positive,negative'/>
    	<string name='comment'/>
      </span>
        <!-- Level 3: Children of LEGAL_FINDING-NRLI -->
        <span label='LEGAL_FINDING-NRLI-PriorBizUse' d_edit_immediately="yes" d_accelerator='U' d_css='background-color: #CCCCFF; color: blue'>
    	  <string name='issue-polarity' choices='positive,negative'/>
    	  <string name='subissue-polarity' choices='positive,negative'/>
          <string name='comment'/>
        </span>
        <span label='LEGAL_FINDING-NRLI-LegitUse' d_edit_immediately="yes" d_accelerator='L' d_css='background-color: #CCCCFF; color: blue'>
    	  <string name='issue-polarity' choices='positive,negative'/>
    	  <string name='subissue-polarity' choices='positive,negative'/>
          <string name='comment'/>
        </span>
        <span label='LEGAL_FINDING-NRLI-CommonlyKnown' d_edit_immediately="yes" d_accelerator='K' d_css='background-color: #CCCCFF; color: blue'>
    	  <string name='issue-polarity' choices='positive,negative'/>
    	  <string name='subissue-polarity' choices='positive,negative'/>
          <string name='comment'/>
        </span>
        <span label='LEGAL_FINDING-NRLI-PrimaFacieEst' d_edit_immediately="yes" d_accelerator='F' d_css='background-color: #CCCCFF; color: blue'>
    	  <string name='issue-polarity' choices='positive,negative'/>
    	  <string name='subissue-polarity' choices='positive,negative'/>
          <string name='comment'/>
        </span>
        <span label='LEGAL_FINDING-NRLI-Other' d_edit_immediately="yes" d_accelerator='Z' d_css='background-color: #CCCCFF; color: blue'>
    	  <string name='issue-polarity' choices='positive,negative'/>
    	  <string name='subissue-polarity' choices='positive,negative'/>
          <string name='comment'/>
        </span>
      </display_group>
      <display_group>
      <span label='LEGAL_FINDING-RLI' d_edit_immediately="yes" d_accelerator='R' d_css='background-color: #CC99FF; color: red'>
    	<string name='issue-polarity' choices='positive,negative'/>
    	<string name='comment'/>
      </span>
        <!-- Level 3: Children of LEGAL_FINDING-RLI -->
        <span label='LEGAL_FINDING-RLI-PriorBizUse' d_edit_immediately="yes" d_accelerator='U' d_css='background-color: #CCCCFF; color: red'>
    	  <string name='issue-polarity' choices='positive,negative'/>
    	  <string name='subissue-polarity' choices='positive,negative'/>
          <string name='comment'/>
        </span>
        <span label='LEGAL_FINDING-RLI-LegitUse' d_edit_immediately="yes" d_accelerator='L' d_css='background-color: #CCCCFF; color: red'>
    	  <string name='issue-polarity' choices='positive,negative'/>
    	  <string name='subissue-polarity' choices='positive,negative'/>
          <string name='comment'/>
        </span>
        <span label='LEGAL_FINDING-RLI-CommonlyKnown' d_edit_immediately="yes" d_accelerator='K' d_css='background-color: #CCCCFF; color: red'>
    	  <string name='issue-polarity' choices='positive,negative'/>
    	  <string name='subissue-polarity' choices='positive,negative'/>
          <string name='comment'/>
        </span>
        <span label='LEGAL_FINDING-RLI-PrimaFacieEst' d_edit_immediately="yes" d_accelerator='F' d_css='background-color: #CCCCFF; color: red'>
    	  <string name='issue-polarity' choices='positive,negative'/>
    	  <string name='subissue-polarity' choices='positive,negative'/>
          <string name='comment'/>
        </span>
        <span label='LEGAL_FINDING-RLI-Other' d_edit_immediately="yes" d_accelerator='Z' d_css='background-color: #CCCCFF; color: red'>
    	  <string name='issue-polarity' choices='positive,negative'/>
    	  <string name='subissue-polarity' choices='positive,negative'/>
          <string name='comment'/>
        </span>
      </display_group>
      <display_group>
      <span label='LEGAL_FINDING-BadFaith' d_edit_immediately="yes" d_accelerator='B' d_css='background-color: #CC99FF; color: green'>
    	<string name='issue-polarity' choices='positive,negative'/>
    	<string name='comment'/>
      </span>
        <!-- Level 3: Children of LEGAL_FINDING-BadFaith -->
        <span label='LEGAL_FINDING-BadFaith-Resale' d_edit_immediately="yes" d_accelerator='S' d_css='background-color: #CCCCFF; color: green'>
    	  <string name='issue-polarity' choices='positive,negative'/>
    	  <string name='subissue-polarity' choices='positive,negative'/>
          <string name='comment'/>
        </span>
        <span label='LEGAL_FINDING-BadFaith-PreventUse' d_edit_immediately="yes" d_accelerator='P' d_css='background-color: #CCCCFF; color: green'>
    	  <string name='issue-polarity' choices='positive,negative'/>
    	  <string name='subissue-polarity' choices='positive,negative'/>
          <string name='comment'/>
        </span>
        <span label='LEGAL_FINDING-BadFaith-DisruptBiz' d_edit_immediately="yes" d_accelerator='D' d_css='background-color: #CCCCFF; color: green'>
    	  <string name='issue-polarity' choices='positive,negative'/>
    	  <string name='subissue-polarity' choices='positive,negative'/>
          <string name='comment'/>
        </span>
        <span label='LEGAL_FINDING-BadFaith-Confusion4CommGain' d_edit_immediately="yes" d_accelerator='G' d_css='background-color: #CCCCFF; color: green'>
    	  <string name='issue-polarity' choices='positive,negative'/>
    	  <string name='subissue-polarity' choices='positive,negative'/>
          <string name='comment'/>
        </span>
        <span label='LEGAL_FINDING-BadFaith-Other' d_edit_immediately="yes" d_accelerator='Z' d_css='background-color: #CCCCFF; color: green'>
    	  <string name='issue-polarity' choices='positive,negative'/>
    	  <string name='subissue-polarity' choices='positive,negative'/>
          <string name='comment'/>
        </span>
      </display_group>
      <display_group>
      <span label='LEGAL_FINDING-CIBF' d_edit_immediately="yes" d_accelerator='C' d_css='background-color: #CC99FF; color: #996600'>
    	<string name='issue-polarity' choices='positive,negative'/>
    	<string name='comment'/>
      </span>
        <!-- Level 3: Children of LEGAL_FINDING-CIBF -->
        <span label='LEGAL_FINDING-CIBF-RDNH' d_edit_immediately="yes" d_accelerator='F' d_css='background-color: #CCCCFF; color: #996600'>
    	  <string name='issue-polarity' choices='positive,negative'/>
    	  <string name='subissue-polarity' choices='positive,negative'/>
          <string name='comment'/>
        </span>
        <span label='LEGAL_FINDING-CIBF-Harass' d_edit_immediately="yes" d_accelerator='H' d_css='background-color: #CCCCFF; color: #996600'>
    	  <string name='issue-polarity' choices='positive,negative'/>
    	  <string name='subissue-polarity' choices='positive,negative'/>
          <string name='comment'/>
        </span>
        <span label='LEGAL_FINDING-CIBF-Other' d_edit_immediately="yes" d_accelerator='Z' d_css='background-color: #CCCCFF; color: #996600'>
    	  <string name='issue-polarity' choices='positive,negative'/>
    	  <string name='subissue-polarity' choices='positive,negative'/>
          <string name='comment'/>
        </span>
      </display_group>
      <span label='LEGAL_FINDING-OTHER' d_edit_immediately="yes" d_accelerator='O' d_css='background-color: #CC99FF; color: gray'>
    	<string name='issue-polarity' choices='positive,negative'/>
    	<string name='comment'/>
      </span>
    </display_group>

    
    <display_group>
    <!-- Level 1: CASE_RULE -->     
    <span label='CASE_RULE' d_edit_immediately="yes" d_css='background-color: #CC0066; color: white'>
    	<string name='comment'/>
    </span>
      <!-- Level 2: Children of CASE_RULE -->
      <display_group>
      <span label='CASE_RULE-ICS' d_edit_immediately="yes" d_accelerator='I' d_css='background-color: #FF99CC; color: black'>
    	<string name='issue-polarity' choices='positive,negative'/>
    	<string name='comment'/>
      </span>
        <!-- Level 3: Children of CASE_RULE-ICS -->
        <span label='CASE_RULE-ICS-CownsTM' d_edit_immediately="yes" d_accelerator='P' d_css='background-color: #FFCCFF; color: black'>
    	  <string name='issue-polarity' choices='positive,negative'/>
    	  <string name='subissue-polarity' choices='positive,negative'/>
          <string name='comment'/>
        </span>
        <span label='CASE_RULE-ICS-CusedTM' d_edit_immediately="yes" d_accelerator='U' d_css='background-color: #FFCCFF; color: black'>
    	  <string name='issue-polarity' choices='positive,negative'/>
    	  <string name='subissue-polarity' choices='positive,negative'/>
          <string name='comment'/>
        </span>
        <span label='CASE_RULE-ICS-TMentire' d_edit_immediately="yes" d_accelerator='E' d_css='background-color: #FFCCFF; color: black'>
    	  <string name='issue-polarity' choices='positive,negative'/>
    	  <string name='subissue-polarity' choices='positive,negative'/>
          <string name='comment'/>
        </span>
        <span label='CASE_RULE-ICS-DescTerm' d_edit_immediately="yes" d_accelerator='T' d_css='background-color: #FFCCFF; color: black'>
    	  <string name='issue-polarity' choices='positive,negative'/>
    	  <string name='subissue-polarity' choices='positive,negative'/>
          <string name='comment'/>
        </span>
        <span label='CASE_RULE-ICS-IrrelevantDiff' d_edit_immediately="yes" d_accelerator='V' d_css='background-color: #FFCCFF; color: black'>
    	  <string name='issue-polarity' choices='positive,negative'/>
    	  <string name='subissue-polarity' choices='positive,negative'/>
          <string name='comment'/>
        </span>
        <span label='CASE_RULE-ICS-DateIrrelevant' d_edit_immediately="yes" d_accelerator='D' d_css='background-color: #FFCCFF; color: black'>
    	  <string name='issue-polarity' choices='positive,negative'/>
    	  <string name='subissue-polarity' choices='positive,negative'/>
          <string name='comment'/>
        </span>
        <span label='CASE_RULE-ICS-DNb4TM' d_edit_immediately="yes" d_accelerator='4' d_css='background-color: #FFCCFF; color: black'>
    	  <string name='issue-polarity' choices='positive,negative'/>
    	  <string name='subissue-polarity' choices='positive,negative'/>
          <string name='comment'/>
        </span>
        <span label='CASE_RULE-ICS-PrimaFacieEst' d_edit_immediately="yes" d_accelerator='F' d_css='background-color: #FFCCFF; color: black'>
    	  <string name='issue-polarity' choices='positive,negative'/>
    	  <string name='subissue-polarity' choices='positive,negative'/>
          <string name='comment'/>
        </span>
        <span label='CASE_RULE-ICS-Other' d_edit_immediately="yes" d_accelerator='Z' d_css='background-color: #FFCCFF; color: black'>
    	  <string name='issue-polarity' choices='positive,negative'/>
    	  <string name='subissue-polarity' choices='positive,negative'/>
          <string name='comment'/>
        </span>
      </display_group>
      <display_group>
      <span label='CASE_RULE-NRLI' d_edit_immediately="yes" d_accelerator='N' d_css='background-color: #FF99CC; color: blue'>
    	<string name='issue-polarity' choices='positive,negative'/>
    	<string name='comment'/>
      </span>
        <!-- Level 3: Children of CASE_RULE-NRLI -->
        <span label='CASE_RULE-NRLI-PriorBizUse' d_edit_immediately="yes" d_accelerator='U' d_css='background-color: #FFCCFF; color: blue'>
    	  <string name='issue-polarity' choices='positive,negative'/>
    	  <string name='subissue-polarity' choices='positive,negative'/>
          <string name='comment'/>
        </span>
        <span label='CASE_RULE-NRLI-LegitUse' d_edit_immediately="yes" d_accelerator='L' d_css='background-color: #FFCCFF; color: blue'>
    	  <string name='issue-polarity' choices='positive,negative'/>
    	  <string name='subissue-polarity' choices='positive,negative'/>
          <string name='comment'/>
        </span>
        <span label='CASE_RULE-NRLI-CommonlyKnown' d_edit_immediately="yes" d_accelerator='K' d_css='background-color: #FFCCFF; color: blue'>
    	  <string name='issue-polarity' choices='positive,negative'/>
    	  <string name='subissue-polarity' choices='positive,negative'/>
          <string name='comment'/>
        </span>
        <span label='CASE_RULE-NRLI-PrimaFacieEst' d_edit_immediately="yes" d_accelerator='F' d_css='background-color: #FFCCFF; color: blue'>
    	  <string name='issue-polarity' choices='positive,negative'/>
    	  <string name='subissue-polarity' choices='positive,negative'/>
          <string name='comment'/>
        </span>
        <span label='CASE_RULE-NRLI-Other' d_edit_immediately="yes" d_accelerator='Z' d_css='background-color: #FFCCFF; color: blue'>
    	  <string name='issue-polarity' choices='positive,negative'/>
    	  <string name='subissue-polarity' choices='positive,negative'/>
          <string name='comment'/>
        </span>
      </display_group>
      <display_group>
      <span label='CASE_RULE-RLI' d_edit_immediately="yes" d_accelerator='R' d_css='background-color: #FF99CC; color: red'>
    	<string name='issue-polarity' choices='positive,negative'/>
    	<string name='comment'/>
      </span>
        <!-- Level 3: Children of CASE_RULE-RLI -->
        <span label='CASE_RULE-RLI-PriorBizUse' d_edit_immediately="yes" d_accelerator='U' d_css='background-color: #FFCCFF; color: red'>
    	  <string name='issue-polarity' choices='positive,negative'/>
    	  <string name='subissue-polarity' choices='positive,negative'/>
          <string name='comment'/>
        </span>
        <span label='CASE_RULE-RLI-LegitUse' d_edit_immediately="yes" d_accelerator='L' d_css='background-color: #FFCCFF; color: red'>
    	  <string name='issue-polarity' choices='positive,negative'/>
    	  <string name='subissue-polarity' choices='positive,negative'/>
          <string name='comment'/>
        </span>
        <span label='CASE_RULE-RLI-CommonlyKnown' d_edit_immediately="yes" d_accelerator='K' d_css='background-color: #FFCCFF; color: red'>
    	  <string name='issue-polarity' choices='positive,negative'/>
    	  <string name='subissue-polarity' choices='positive,negative'/>
          <string name='comment'/>
        </span>
        <span label='CASE_RULE-RLI-PrimaFacieEst' d_edit_immediately="yes" d_accelerator='F' d_css='background-color: #FFCCFF; color: red'>
    	  <string name='issue-polarity' choices='positive,negative'/>
    	  <string name='subissue-polarity' choices='positive,negative'/>
          <string name='comment'/>
        </span>
        <span label='CASE_RULE-RLI-Other' d_edit_immediately="yes" d_accelerator='Z' d_css='background-color: #FFCCFF; color: red'>
    	  <string name='issue-polarity' choices='positive,negative'/>
    	  <string name='subissue-polarity' choices='positive,negative'/>
          <string name='comment'/>
        </span>
      </display_group>
      <display_group>
      <span label='CASE_RULE-BadFaith' d_edit_immediately="yes" d_accelerator='B' d_css='background-color: #FF99CC; color: green'>
    	<string name='issue-polarity' choices='positive,negative'/>
    	<string name='comment'/>
      </span>
        <!-- Level 3: Children of CASE_RULE-BadFaith -->
        <span label='CASE_RULE-BadFaith-Resale' d_edit_immediately="yes" d_accelerator='S' d_css='background-color: #FFCCFF; color: green'>
    	  <string name='issue-polarity' choices='positive,negative'/>
    	  <string name='subissue-polarity' choices='positive,negative'/>
          <string name='comment'/>
        </span>
        <span label='CASE_RULE-BadFaith-PreventUse' d_edit_immediately="yes" d_accelerator='P' d_css='background-color: #FFCCFF; color: green'>
    	  <string name='issue-polarity' choices='positive,negative'/>
    	  <string name='subissue-polarity' choices='positive,negative'/>
          <string name='comment'/>
        </span>
        <span label='CASE_RULE-BadFaith-DisruptBiz' d_edit_immediately="yes" d_accelerator='D' d_css='background-color: #FFCCFF; color: green'>
    	  <string name='issue-polarity' choices='positive,negative'/>
    	  <string name='subissue-polarity' choices='positive,negative'/>
          <string name='comment'/>
        </span>
        <span label='CASE_RULE-BadFaith-Confusion4CommGain' d_edit_immediately="yes" d_accelerator='G' d_css='background-color: #FFCCFF; color: green'>
    	  <string name='issue-polarity' choices='positive,negative'/>
    	  <string name='subissue-polarity' choices='positive,negative'/>
          <string name='comment'/>
        </span>
        <span label='CASE_RULE-BadFaith-Other' d_edit_immediately="yes" d_accelerator='Z' d_css='background-color: #FFCCFF; color: green'>
    	  <string name='issue-polarity' choices='positive,negative'/>
    	  <string name='subissue-polarity' choices='positive,negative'/>
          <string name='comment'/>
        </span>
      </display_group>
      <display_group>
      <span label='CASE_RULE-CIBF' d_edit_immediately="yes" d_accelerator='C' d_css='background-color: #FF99CC; color: #996600'>
    	<string name='issue-polarity' choices='positive,negative'/>
    	<string name='comment'/>
      </span>
        <!-- Level 3: Children of CASE_RULE-CIBF -->
        <span label='CASE_RULE-CIBF-RDNH' d_edit_immediately="yes" d_accelerator='F' d_css='background-color: #FFCCFF; color: #996600'>
    	  <string name='issue-polarity' choices='positive,negative'/>
    	  <string name='subissue-polarity' choices='positive,negative'/>
          <string name='comment'/>
        </span>
        <span label='CASE_RULE-CIBF-Harass' d_edit_immediately="yes" d_accelerator='H' d_css='background-color: #FFCCFF; color: #996600'>
    	  <string name='issue-polarity' choices='positive,negative'/>
    	  <string name='subissue-polarity' choices='positive,negative'/>
          <string name='comment'/>
        </span>
        <span label='CASE_RULE-CIBF-Other' d_edit_immediately="yes" d_accelerator='Z' d_css='background-color: #FFCCFF; color: #996600'>
    	  <string name='issue-polarity' choices='positive,negative'/>
    	  <string name='subissue-polarity' choices='positive,negative'/>
          <string name='comment'/>
        </span>
      </display_group>
      <span label='CASE_RULE-OTHER' d_edit_immediately="yes" d_accelerator='O' d_css='background-color: #FF99CC; color: gray'>
    	<string name='issue-polarity' choices='positive,negative'/>
    	<string name='comment'/>
      </span>
    </display_group>

    
    <display_group>
    <!-- Level 1: DECISION -->     
    <span label='DECISION' d_edit_immediately="yes" d_css='background-color: #003399; color: white'>
    	<string name='comment'/>
    </span>
      <!-- Level 2: Children of DECISION -->
      <display_group>
      <span label='DECISION-ICS' d_edit_immediately="yes" d_accelerator='I' d_css='background-color: #33CCFF; color: black'>
    	<string name='issue-polarity' choices='positive,negative'/>
    	<string name='comment'/>
      </span>
        <!-- Level 3: Children of DECISION-ICS -->
        <span label='DECISION-ICS-CownsTM' d_edit_immediately="yes" d_accelerator='P' d_css='background-color: #CCFFFF; color: black'>
    	  <string name='issue-polarity' choices='positive,negative'/>
    	  <string name='subissue-polarity' choices='positive,negative'/>
          <string name='comment'/>
        </span>
        <span label='DECISION-ICS-CusedTM' d_edit_immediately="yes" d_accelerator='U' d_css='background-color: #CCFFFF; color: black'>
    	  <string name='issue-polarity' choices='positive,negative'/>
    	  <string name='subissue-polarity' choices='positive,negative'/>
          <string name='comment'/>
        </span>
        <span label='DECISION-ICS-TMentire' d_edit_immediately="yes" d_accelerator='E' d_css='background-color: #CCFFFF; color: black'>
    	  <string name='issue-polarity' choices='positive,negative'/>
    	  <string name='subissue-polarity' choices='positive,negative'/>
          <string name='comment'/>
        </span>
        <span label='DECISION-ICS-DescTerm' d_edit_immediately="yes" d_accelerator='T' d_css='background-color: #CCFFFF; color: black'>
    	  <string name='issue-polarity' choices='positive,negative'/>
    	  <string name='subissue-polarity' choices='positive,negative'/>
          <string name='comment'/>
        </span>
        <span label='DECISION-ICS-IrrelevantDiff' d_edit_immediately="yes" d_accelerator='V' d_css='background-color: #CCFFFF; color: black'>
    	  <string name='issue-polarity' choices='positive,negative'/>
    	  <string name='subissue-polarity' choices='positive,negative'/>
          <string name='comment'/>
        </span>
        <span label='DECISION-ICS-DateIrrelevant' d_edit_immediately="yes" d_accelerator='D' d_css='background-color: #CCFFFF; color: black'>
    	  <string name='issue-polarity' choices='positive,negative'/>
    	  <string name='subissue-polarity' choices='positive,negative'/>
          <string name='comment'/>
        </span>
        <span label='DECISION-ICS-DNb4TM' d_edit_immediately="yes" d_accelerator='4' d_css='background-color: #CCFFFF; color: black'>
    	  <string name='issue-polarity' choices='positive,negative'/>
    	  <string name='subissue-polarity' choices='positive,negative'/>
          <string name='comment'/>
        </span>
        <span label='DECISION-ICS-PrimaFacieEst' d_edit_immediately="yes" d_accelerator='F' d_css='background-color: #CCFFFF; color: black'>
    	  <string name='issue-polarity' choices='positive,negative'/>
    	  <string name='subissue-polarity' choices='positive,negative'/>
          <string name='comment'/>
        </span>
        <span label='DECISION-ICS-Other' d_edit_immediately="yes" d_accelerator='Z' d_css='background-color: #CCFFFF; color: black'>
    	  <string name='issue-polarity' choices='positive,negative'/>
    	  <string name='subissue-polarity' choices='positive,negative'/>
          <string name='comment'/>
        </span>
      </display_group>
      <display_group>
      <span label='DECISION-NRLI' d_edit_immediately="yes" d_accelerator='N' d_css='background-color: #33CCFF; color: blue'>
    	<string name='issue-polarity' choices='positive,negative'/>
    	<string name='comment'/>
      </span>
        <!-- Level 3: Children of DECISION-NRLI -->
        <span label='DECISION-NRLI-PriorBizUse' d_edit_immediately="yes" d_accelerator='U' d_css='background-color: #CCFFFF; color: blue'>
    	  <string name='issue-polarity' choices='positive,negative'/>
    	  <string name='subissue-polarity' choices='positive,negative'/>
          <string name='comment'/>
        </span>
        <span label='DECISION-NRLI-LegitUse' d_edit_immediately="yes" d_accelerator='L' d_css='background-color: #CCFFFF; color: blue'>
    	  <string name='issue-polarity' choices='positive,negative'/>
    	  <string name='subissue-polarity' choices='positive,negative'/>
          <string name='comment'/>
        </span>
        <span label='DECISION-NRLI-CommonlyKnown' d_edit_immediately="yes" d_accelerator='K' d_css='background-color: #CCFFFF; color: blue'>
    	  <string name='issue-polarity' choices='positive,negative'/>
    	  <string name='subissue-polarity' choices='positive,negative'/>
          <string name='comment'/>
        </span>
        <span label='DECISION-NRLI-PrimaFacieEst' d_edit_immediately="yes" d_accelerator='F' d_css='background-color: #CCFFFF; color: blue'>
    	  <string name='issue-polarity' choices='positive,negative'/>
    	  <string name='subissue-polarity' choices='positive,negative'/>
          <string name='comment'/>
        </span>
        <span label='DECISION-NRLI-Other' d_edit_immediately="yes" d_accelerator='Z' d_css='background-color: #CCFFFF; color: blue'>
    	  <string name='issue-polarity' choices='positive,negative'/>
    	  <string name='subissue-polarity' choices='positive,negative'/>
          <string name='comment'/>
        </span>
      </display_group>
      <display_group>
      <span label='DECISION-RLI' d_edit_immediately="yes" d_accelerator='R' d_css='background-color: #33CCFF; color: red'>
    	<string name='issue-polarity' choices='positive,negative'/>
    	<string name='comment'/>
      </span>
        <!-- Level 3: Children of DECISION-RLI -->
        <span label='DECISION-RLI-PriorBizUse' d_edit_immediately="yes" d_accelerator='U' d_css='background-color: #CCFFFF; color: red'>
    	  <string name='issue-polarity' choices='positive,negative'/>
    	  <string name='subissue-polarity' choices='positive,negative'/>
          <string name='comment'/>
        </span>
        <span label='DECISION-RLI-LegitUse' d_edit_immediately="yes" d_accelerator='L' d_css='background-color: #CCFFFF; color: red'>
    	  <string name='issue-polarity' choices='positive,negative'/>
    	  <string name='subissue-polarity' choices='positive,negative'/>
          <string name='comment'/>
        </span>
        <span label='DECISION-RLI-CommonlyKnown' d_edit_immediately="yes" d_accelerator='K' d_css='background-color: #CCFFFF; color: red'>
    	  <string name='issue-polarity' choices='positive,negative'/>
    	  <string name='subissue-polarity' choices='positive,negative'/>
          <string name='comment'/>
        </span>
        <span label='DECISION-RLI-PrimaFacieEst' d_edit_immediately="yes" d_accelerator='F' d_css='background-color: #CCFFFF; color: red'>
    	  <string name='issue-polarity' choices='positive,negative'/>
    	  <string name='subissue-polarity' choices='positive,negative'/>
          <string name='comment'/>
        </span>
        <span label='DECISION-RLI-Other' d_edit_immediately="yes" d_accelerator='Z' d_css='background-color: #CCFFFF; color: red'>
    	  <string name='issue-polarity' choices='positive,negative'/>
    	  <string name='subissue-polarity' choices='positive,negative'/>
          <string name='comment'/>
        </span>
      </display_group>
      <display_group>
      <span label='DECISION-BadFaith' d_edit_immediately="yes" d_accelerator='B' d_css='background-color: #33CCFF; color: green'>
    	<string name='issue-polarity' choices='positive,negative'/>
    	<string name='comment'/>
      </span>
        <!-- Level 3: Children of DECISION-BadFaith -->
        <span label='DECISION-BadFaith-Resale' d_edit_immediately="yes" d_accelerator='S' d_css='background-color: #CCFFFF; color: green'>
    	  <string name='issue-polarity' choices='positive,negative'/>
    	  <string name='subissue-polarity' choices='positive,negative'/>
          <string name='comment'/>
        </span>
        <span label='DECISION-BadFaith-PreventUse' d_edit_immediately="yes" d_accelerator='P' d_css='background-color: #CCFFFF; color: green'>
    	  <string name='issue-polarity' choices='positive,negative'/>
    	  <string name='subissue-polarity' choices='positive,negative'/>
          <string name='comment'/>
        </span>
        <span label='DECISION-BadFaith-DisruptBiz' d_edit_immediately="yes" d_accelerator='D' d_css='background-color: #CCFFFF; color: green'>
    	  <string name='issue-polarity' choices='positive,negative'/>
    	  <string name='subissue-polarity' choices='positive,negative'/>
          <string name='comment'/>
        </span>
        <span label='DECISION-BadFaith-Confusion4CommGain' d_edit_immediately="yes" d_accelerator='G' d_css='background-color: #CCFFFF; color: green'>
    	  <string name='issue-polarity' choices='positive,negative'/>
    	  <string name='subissue-polarity' choices='positive,negative'/>
          <string name='comment'/>
        </span>
        <span label='DECISION-BadFaith-Other' d_edit_immediately="yes" d_accelerator='Z' d_css='background-color: #CCFFFF; color: green'>
    	  <string name='issue-polarity' choices='positive,negative'/>
    	  <string name='subissue-polarity' choices='positive,negative'/>
          <string name='comment'/>
        </span>
      </display_group>
      <display_group>
      <span label='DECISION-CIBF' d_edit_immediately="yes" d_accelerator='C' d_css='background-color: #33CCFF; color: #996600'>
    	<string name='issue-polarity' choices='positive,negative'/>
    	<string name='comment'/>
      </span>
        <!-- Level 3: Children of DECISION-CIBF -->
        <span label='DECISION-CIBF-RDNH' d_edit_immediately="yes" d_accelerator='F' d_css='background-color: #CCFFFF; color: #996600'>
    	  <string name='issue-polarity' choices='positive,negative'/>
    	  <string name='subissue-polarity' choices='positive,negative'/>
          <string name='comment'/>
        </span>
        <span label='DECISION-CIBF-Harass' d_edit_immediately="yes" d_accelerator='H' d_css='background-color: #CCFFFF; color: #996600'>
    	  <string name='issue-polarity' choices='positive,negative'/>
    	  <string name='subissue-polarity' choices='positive,negative'/>
          <string name='comment'/>
        </span>
        <span label='DECISION-CIBF-Other' d_edit_immediately="yes" d_accelerator='Z' d_css='background-color: #CCFFFF; color: #996600'>
    	  <string name='issue-polarity' choices='positive,negative'/>
    	  <string name='subissue-polarity' choices='positive,negative'/>
          <string name='comment'/>
        </span>
      </display_group>
      <span label='DECISION-OTHER' d_edit_immediately="yes" d_accelerator='O' d_css='background-color: #33CCFF; color: gray'>
    	<string name='issue-polarity' choices='positive,negative'/>
    	<string name='comment'/>
      </span>
    </display_group>
        

    <!-- Level 1: NORESPONSE -->     
    <span label='NORESPONSE' d_edit_immediately="yes" d_css='background-color: #996600; color: white'>
    	<string name='comment'/>
    </span>


    <!-- Level 1: XTRASTMNT -->     
    <span label='XTRASTMNT' d_edit_immediately="yes" d_css='background-color: #666633; color: white'>
    	<string name='comment'/>
    </span>

    
    <display_group>
    <!-- Level 1: WUZZA -->     
    <span label='WUZZA' d_edit_immediately="yes" d_css='background-color: #000000; color: white'>
    	<string name='citation' choices='4a,4b,4c,10d,15a,15e,Other'/>
    	<string name='comment'/>
    </span>
      <!-- Level 2: Children of WUZZA -->
      <display_group>
      <span label='WUZZA-ICS' d_edit_immediately="yes" d_accelerator='I' d_css='background-color: #999999; color: black'>
    	<string name='issue-polarity' choices='positive,negative'/>
    	<string name='citation' choices='4a,4b,4c,10d,15a,15e,Other'/>
    	<string name='comment'/>
      </span>
        <!-- Level 3: Children of WUZZA-ICS -->
        <span label='WUZZA-ICS-CownsTM' d_edit_immediately="yes" d_accelerator='P' d_css='background-color: #CCCCCC; color: black'>
    	  <string name='issue-polarity' choices='positive,negative'/>
    	  <string name='subissue-polarity' choices='positive,negative'/>
    	  <string name='citation' choices='4a,4b,4c,10d,15a,15e,Other'/>
          <string name='comment'/>
        </span>
        <span label='WUZZA-ICS-CusedTM' d_edit_immediately="yes" d_accelerator='U' d_css='background-color: #CCCCCC; color: black'>
    	  <string name='issue-polarity' choices='positive,negative'/>
    	  <string name='subissue-polarity' choices='positive,negative'/>
    	  <string name='citation' choices='4a,4b,4c,10d,15a,15e,Other'/>
          <string name='comment'/>
        </span>
        <span label='WUZZA-ICS-TMentire' d_edit_immediately="yes" d_accelerator='E' d_css='background-color: #CCCCCC; color: black'>
    	  <string name='issue-polarity' choices='positive,negative'/>
    	  <string name='subissue-polarity' choices='positive,negative'/>
    	  <string name='citation' choices='4a,4b,4c,10d,15a,15e,Other'/>
          <string name='comment'/>
        </span>
        <span label='WUZZA-ICS-DescTerm' d_edit_immediately="yes" d_accelerator='T' d_css='background-color: #CCCCCC; color: black'>
    	  <string name='issue-polarity' choices='positive,negative'/>
    	  <string name='subissue-polarity' choices='positive,negative'/>
    	  <string name='citation' choices='4a,4b,4c,10d,15a,15e,Other'/>
          <string name='comment'/>
        </span>
        <span label='WUZZA-ICS-IrrelevantDiff' d_edit_immediately="yes" d_accelerator='V' d_css='background-color: #CCCCCC; color: black'>
    	  <string name='issue-polarity' choices='positive,negative'/>
    	  <string name='subissue-polarity' choices='positive,negative'/>
    	  <string name='citation' choices='4a,4b,4c,10d,15a,15e,Other'/>
          <string name='comment'/>
        </span>
        <span label='WUZZA-ICS-DateIrrelevant' d_edit_immediately="yes" d_accelerator='D' d_css='background-color: #CCCCCC; color: black'>
    	  <string name='issue-polarity' choices='positive,negative'/>
    	  <string name='subissue-polarity' choices='positive,negative'/>
    	  <string name='citation' choices='4a,4b,4c,10d,15a,15e,Other'/>
          <string name='comment'/>
        </span>
        <span label='WUZZA-ICS-DNb4TM' d_edit_immediately="yes" d_accelerator='4' d_css='background-color: #CCCCCC; color: black'>
    	  <string name='issue-polarity' choices='positive,negative'/>
    	  <string name='subissue-polarity' choices='positive,negative'/>
    	  <string name='citation' choices='4a,4b,4c,10d,15a,15e,Other'/>
          <string name='comment'/>
        </span>
        <span label='WUZZA-ICS-PrimaFacieEst' d_edit_immediately="yes" d_accelerator='F' d_css='background-color: #CCCCCC; color: black'>
    	  <string name='issue-polarity' choices='positive,negative'/>
    	  <string name='subissue-polarity' choices='positive,negative'/>
    	  <string name='citation' choices='4a,4b,4c,10d,15a,15e,Other'/>
          <string name='comment'/>
        </span>
        <span label='WUZZA-ICS-Other' d_edit_immediately="yes" d_accelerator='Z' d_css='background-color: #CCCCCC; color: black'>
    	  <string name='issue-polarity' choices='positive,negative'/>
    	  <string name='subissue-polarity' choices='positive,negative'/>
    	  <string name='citation' choices='4a,4b,4c,10d,15a,15e,Other'/>
          <string name='comment'/>
        </span>
      </display_group>
      <display_group>
      <span label='WUZZA-NRLI' d_edit_immediately="yes" d_accelerator='N' d_css='background-color: #999999; color: blue'>
    	<string name='issue-polarity' choices='positive,negative'/>
    	<string name='citation' choices='4a,4b,4c,10d,15a,15e,Other'/>
    	<string name='comment'/>
      </span>
        <!-- Level 3: Children of WUZZA-NRLI -->
        <span label='WUZZA-NRLI-PriorBizUse' d_edit_immediately="yes" d_accelerator='U' d_css='background-color: #CCCCCC; color: blue'>
    	  <string name='issue-polarity' choices='positive,negative'/>
    	  <string name='subissue-polarity' choices='positive,negative'/>
    	  <string name='citation' choices='4a,4b,4c,10d,15a,15e,Other'/>
          <string name='comment'/>
        </span>
        <span label='WUZZA-NRLI-LegitUse' d_edit_immediately="yes" d_accelerator='L' d_css='background-color: #CCCCCC; color: blue'>
    	  <string name='issue-polarity' choices='positive,negative'/>
    	  <string name='subissue-polarity' choices='positive,negative'/>
    	  <string name='citation' choices='4a,4b,4c,10d,15a,15e,Other'/>
          <string name='comment'/>
        </span>
        <span label='WUZZA-NRLI-CommonlyKnown' d_edit_immediately="yes" d_accelerator='K' d_css='background-color: #CCCCCC; color: blue'>
    	  <string name='issue-polarity' choices='positive,negative'/>
    	  <string name='subissue-polarity' choices='positive,negative'/>
    	  <string name='citation' choices='4a,4b,4c,10d,15a,15e,Other'/>
          <string name='comment'/>
        </span>
        <span label='WUZZA-NRLI-PrimaFacieEst' d_edit_immediately="yes" d_accelerator='F' d_css='background-color: #CCCCCC; color: blue'>
    	  <string name='issue-polarity' choices='positive,negative'/>
    	  <string name='subissue-polarity' choices='positive,negative'/>
    	  <string name='citation' choices='4a,4b,4c,10d,15a,15e,Other'/>
          <string name='comment'/>
        </span>
        <span label='WUZZA-NRLI-Other' d_edit_immediately="yes" d_accelerator='Z' d_css='background-color: #CCCCCC; color: blue'>
    	  <string name='issue-polarity' choices='positive,negative'/>
    	  <string name='subissue-polarity' choices='positive,negative'/>
    	  <string name='citation' choices='4a,4b,4c,10d,15a,15e,Other'/>
          <string name='comment'/>
        </span>
      </display_group>
      <display_group>
      <span label='WUZZA-RLI' d_edit_immediately="yes" d_accelerator='R' d_css='background-color: #999999; color: red'>
    	<string name='issue-polarity' choices='positive,negative'/>
    	<string name='citation' choices='4a,4b,4c,10d,15a,15e,Other'/>
    	<string name='comment'/>
      </span>
        <!-- Level 3: Children of WUZZA-RLI -->
        <span label='WUZZA-RLI-PriorBizUse' d_edit_immediately="yes" d_accelerator='U' d_css='background-color: #CCCCCC; color: red'>
    	  <string name='issue-polarity' choices='positive,negative'/>
    	  <string name='subissue-polarity' choices='positive,negative'/>
    	  <string name='citation' choices='4a,4b,4c,10d,15a,15e,Other'/>
          <string name='comment'/>
        </span>
        <span label='WUZZA-RLI-LegitUse' d_edit_immediately="yes" d_accelerator='L' d_css='background-color: #CCCCCC; color: red'>
    	  <string name='issue-polarity' choices='positive,negative'/>
    	  <string name='subissue-polarity' choices='positive,negative'/>
    	  <string name='citation' choices='4a,4b,4c,10d,15a,15e,Other'/>
          <string name='comment'/>
        </span>
        <span label='WUZZA-RLI-CommonlyKnown' d_edit_immediately="yes" d_accelerator='K' d_css='background-color: #CCCCCC; color: red'>
    	  <string name='issue-polarity' choices='positive,negative'/>
    	  <string name='subissue-polarity' choices='positive,negative'/>
    	  <string name='citation' choices='4a,4b,4c,10d,15a,15e,Other'/>
          <string name='comment'/>
        </span>
        <span label='WUZZA-RLI-PrimaFacieEst' d_edit_immediately="yes" d_accelerator='F' d_css='background-color: #CCCCCC; color: red'>
    	  <string name='issue-polarity' choices='positive,negative'/>
    	  <string name='subissue-polarity' choices='positive,negative'/>
    	  <string name='citation' choices='4a,4b,4c,10d,15a,15e,Other'/>
          <string name='comment'/>
        </span>
        <span label='WUZZA-RLI-Other' d_edit_immediately="yes" d_accelerator='Z' d_css='background-color: #CCCCCC; color: red'>
    	  <string name='issue-polarity' choices='positive,negative'/>
    	  <string name='subissue-polarity' choices='positive,negative'/>
    	  <string name='citation' choices='4a,4b,4c,10d,15a,15e,Other'/>
          <string name='comment'/>
        </span>
      </display_group>
      <display_group>
      <span label='WUZZA-BadFaith' d_edit_immediately="yes" d_accelerator='B' d_css='background-color: #999999; color: green'>
    	<string name='issue-polarity' choices='positive,negative'/>
    	<string name='citation' choices='4a,4b,4c,10d,15a,15e,Other'/>
    	<string name='comment'/>
      </span>
        <!-- Level 3: Children of WUZZA-BadFaith -->
        <span label='WUZZA-BadFaith-Resale' d_edit_immediately="yes" d_accelerator='S' d_css='background-color: #CCCCCC; color: green'>
    	  <string name='issue-polarity' choices='positive,negative'/>
    	  <string name='subissue-polarity' choices='positive,negative'/>
    	  <string name='citation' choices='4a,4b,4c,10d,15a,15e,Other'/>
          <string name='comment'/>
        </span>
        <span label='WUZZA-BadFaith-PreventUse' d_edit_immediately="yes" d_accelerator='P' d_css='background-color: #CCCCCC; color: green'>
    	  <string name='issue-polarity' choices='positive,negative'/>
    	  <string name='subissue-polarity' choices='positive,negative'/>
    	  <string name='citation' choices='4a,4b,4c,10d,15a,15e,Other'/>
          <string name='comment'/>
        </span>
        <span label='WUZZA-BadFaith-DisruptBiz' d_edit_immediately="yes" d_accelerator='D' d_css='background-color: #CCCCCC; color: green'>
    	  <string name='issue-polarity' choices='positive,negative'/>
    	  <string name='subissue-polarity' choices='positive,negative'/>
    	  <string name='citation' choices='4a,4b,4c,10d,15a,15e,Other'/>
          <string name='comment'/>
        </span>
        <span label='WUZZA-BadFaith-Confusion4CommGain' d_edit_immediately="yes" d_accelerator='G' d_css='background-color: #CCCCCC; color: green'>
    	  <string name='issue-polarity' choices='positive,negative'/>
    	  <string name='subissue-polarity' choices='positive,negative'/>
    	  <string name='citation' choices='4a,4b,4c,10d,15a,15e,Other'/>
          <string name='comment'/>
        </span>
        <span label='WUZZA-BadFaith-Other' d_edit_immediately="yes" d_accelerator='Z' d_css='background-color: #CCCCCC; color: green'>
    	  <string name='issue-polarity' choices='positive,negative'/>
    	  <string name='subissue-polarity' choices='positive,negative'/>
    	  <string name='citation' choices='4a,4b,4c,10d,15a,15e,Other'/>
          <string name='comment'/>
        </span>
      </display_group>
      <display_group>
      <span label='WUZZA-CIBF' d_edit_immediately="yes" d_accelerator='C' d_css='background-color: #999999; color: #996600'>
    	<string name='issue-polarity' choices='positive,negative'/>
    	<string name='citation' choices='4a,4b,4c,10d,15a,15e,Other'/>
    	<string name='comment'/>
      </span>
        <!-- Level 3: Children of WUZZA-CIBF -->
        <span label='WUZZA-CIBF-RDNH' d_edit_immediately="yes" d_accelerator='F' d_css='background-color: #CCCCCC; color: #996600'>
    	  <string name='issue-polarity' choices='positive,negative'/>
    	  <string name='subissue-polarity' choices='positive,negative'/>
    	  <string name='citation' choices='4a,4b,4c,10d,15a,15e,Other'/>
          <string name='comment'/>
        </span>
        <span label='WUZZA-CIBF-Harass' d_edit_immediately="yes" d_accelerator='H' d_css='background-color: #CCCCCC; color: #996600'>
    	  <string name='issue-polarity' choices='positive,negative'/>
    	  <string name='subissue-polarity' choices='positive,negative'/>
    	  <string name='citation' choices='4a,4b,4c,10d,15a,15e,Other'/>
          <string name='comment'/>
        </span>
        <span label='WUZZA-CIBF-Other' d_edit_immediately="yes" d_accelerator='Z' d_css='background-color: #CCCCCC; color: #996600'>
    	  <string name='issue-polarity' choices='positive,negative'/>
    	  <string name='subissue-polarity' choices='positive,negative'/>
    	  <string name='citation' choices='4a,4b,4c,10d,15a,15e,Other'/>
          <string name='comment'/>
        </span>
      </display_group>
      <span label='WUZZA-OTHER' d_edit_immediately="yes" d_accelerator='O' d_css='background-color: #999999; color: gray'>
    	<string name='issue-polarity' choices='positive,negative'/>
    	<string name='citation' choices='4a,4b,4c,10d,15a,15e,Other'/>
    	<string name='comment'/>
      </span>
    </display_group>
       
    </annotations>

    <web_customization alphabetize_labels="no">
      <css>css/WAE.css</css>
    </web_customization>
    <engines>
      <engine name='carafe_tag_engine'>
        <default_model>default_model</default_model>
        <model_config class='MAT.JavaCarafe.CarafeModelBuilder'>
          <build_settings training_method='psa' max_iterations='6'/>
        </model_config>
        <model_config config_name='alt_model_build'
                      class='MAT.JavaCarafe.CarafeModelBuilder'/>
        <step_config class='MAT.JavaCarafe.CarafeTagStep'/>
      </engine>
      <engine name='align_engine'>
        <step_config class='MAT.PluginMgr.AlignStep'/>
      </engine>
      <engine name='whole_zone_engine'>
        <step_config class='MAT.PluginMgr.WholeZoneStep'/>
      </engine>
      <engine name='carafe_tokenize_engine'>
        <step_config class='MAT.JavaCarafe.CarafeTokenizationStep'/>
      </engine>
    </engines>
    <steps>
      <annotation_step engine='align_engine' type='auto' name='align'/>
      <annotation_step engine='carafe_tag_engine' sets_added='category:content'
                       type='mixed' name='carafe_tag'/>
      <annotation_step engine='whole_zone_engine' sets_added='category:zone'
                       type='auto' name='whole_zone'/>
      <annotation_step engine='carafe_tokenize_engine'
                       sets_added='category:token' type='auto'
                       name='carafe_tokenize'/>
      <annotation_step type='hand' name='correct'
                       sets_modified='category:content'/>
    </steps>
    <workflows>
      <workflow name='Hand annotation' undoable="yes">
        <step pretty_name='zone' name='whole_zone'/>
        <step pretty_name='tokenize' name='carafe_tokenize'/>
        <step name='carafe_tag' pretty_name='hand tag' type='hand'/>
      </workflow>
      <workflow name='Tokenless hand annotation'>
        <step pretty_name='zone' name='whole_zone'/>
        <step name='carafe_tag' pretty_name='hand tag' type='hand'/>
      </workflow>
      <workflow name='Review/repair'>
        <step name='correct'/>
      </workflow>
      <workflow name='Demo' undoable="yes">
        <step pretty_name='zone' name='whole_zone'/>
        <step pretty_name='tokenize' name='carafe_tokenize'/>
        <step pretty_name='tag' name='carafe_tag'/>
      </workflow>
      <workflow name='Align'>
        <step pretty_name='zone' name='whole_zone'/>
        <step pretty_name='tokenize' name='carafe_tokenize'/>
        <step name='align'/>
      </workflow>
    </workflows>
    <workspaces default_config="Hand annotation">
      <workspace workflow='Hand annotation'/>
    </workspaces>
  </task>
</tasks>
